{"cameraMode":{"drawMode":0,"name":"Shaded","section":"Shading Mode"},"sceneLighting":true,"audioPlay":false,"sceneViewState":{"m_AlwaysRefresh":false,"showFog":true,"showSkybox":true,"showFlares":true,"showImageEffects":true,"showParticleSystems":true,"showVisualEffectGraphs":true,"m_FxEnabled":true},"in2DMode":false,"pivot":{"x":-7.344194412231445,"y":-0.9059479236602783,"z":11.510773658752442},"rotation":{"x":-0.1427765190601349,"y":0.18355204164981843,"z":-0.026944225654006006,"w":-0.9722311496734619},"size":14.24209976196289,"orthographic":false}